{
    "1":[
        {"ACT_default":"assets/images/wolves/zhou/default"},
        {"ACT_focus":"assets/images/wolves/zhou/focus"},
        {"ACT_move":"assets/images/wolves/zhou/move"},
        {"ACT_press":"assets/images/wolves/zhou/press"},
        {"ACT_rest":"assets/images/wolves/zhou/rest"},
        {"ACT_touch":"assets/images/wolves/zhou/touch"},
        {"ACT_clean":"assets/images/wolves/zhou/clean"},
        {"ACT_sad":"assets/images/wolves/zhou/sad"},
        {"ACT_dirty":"assets/images/wolves/zhou/dirty"},
        {"ACT_hungry":"assets/images/wolves/zhou/hungry"},
        {"ACT_tired":"assets/images/wolves/zhou/tired"},
        {"ACT_low":"assets/images/wolves/zhou/low"},
        {"ACT_eat":"assets/images/wolves/zhou/eat"},
        {"ACT_focusToy":"assets/images/wolves/zhou/focustoy"},
        {"ACT_playBubble":"assets/images/wolves/zhou/playbubble"},
        {"ACT_gameSuccess":"assets/images/wolves/zhou/gamesuccess"},
        {"ACT_gameFailed":"assets/images/wolves/zhou/gamefailed"},
        {"ACT_eatFull":"assets/images/wolves/zhou/eatfull"},
        {"ACT_followMouse":"assets/images/wolves/zhou/followmouse"},
        {"ACT_holdMouse":"assets/images/wolves/zhou/holdmouse"}
    ],
    "2":[

    ]
}
